{
  "sport": "cricket",
  "summary": {
    "elbow_angle": {
      "mean": 136.78001285724847,
      "max": 179.09897313044502,
      "min": 7.992417218274299,
      "std": 27.010170525086963
    },
    "hip_shoulder_separation": {
      "mean": 23.368576071171724,
      "max": 359.59002258311295
    },
    "stability": {
      "variance": 14890.972883852774
    }
  }
}