{
  "sport": "tennis",
  "summary": {
    "knee_bend": {
      "min_angle": 72.14113603752985,
      "mean": 147.97472957660239
    },
    "shoulder_rotation": {
      "max": 179.99735307993006,
      "mean": 170.81585074226973
    },
    "arm_extension": {
      "max": 179.93448843551337,
      "mean": 121.62546301454344
    }
  }
}